Model,Accuracy,Macro_F1,MCC,Cohen_Kappa,Inference_Time_s,Parameters
MobileNetV2,0.4,0.25217391304347825,0.129046350302191,0.10863509749303624,6.154955625534058,3050055
