,precision,recall,f1-score,support
akiec,1.0,0.3333333333333333,0.5,3.0
bcc,0.3333333333333333,1.0,0.5,1.0
bkl,0.0,0.0,0.0,2.0
df,0.0,0.0,0.0,1.0
mel,0.14285714285714285,0.3333333333333333,0.2,3.0
nv,0.8125,0.43333333333333335,0.5652173913043478,30.0
vasc,0.0,0.0,0.0,0.0
accuracy,0.4,0.4,0.4,0.4
macro avg,0.32695578231292516,0.29999999999999993,0.25217391304347825,40.0
weighted avg,0.703422619047619,0.4,0.48891304347826087,40.0
