,precision,recall,f1-score,support
akiec,0.0,0.0,0.0,6.0
bcc,0.0,0.0,0.0,4.0
bkl,0.0,0.0,0.0,9.0
df,0.0,0.0,0.0,4.0
mel,0.1,0.3333333333333333,0.15384615384615385,6.0
nv,0.8035714285714286,0.6428571428571429,0.7142857142857143,70.0
vasc,0.047619047619047616,1.0,0.09090909090909091,1.0
accuracy,0.48,0.48,0.48,0.48
macro avg,0.1358843537414966,0.28231292517006806,0.1370058512915656,100.0
weighted avg,0.5689761904761905,0.48,0.5101398601398601,100.0
